Al'Akir the Windlord,http://hearthpwn.com/cards/335-alakir-the-windlord
Alexstrasza,http://hearthpwn.com/cards/303-alexstrasza
Archmage Antonidas,http://hearthpwn.com/cards/220-archmage-antonidas
Ashbringer,http://hearthpwn.com/cards/53-ashbringer
Baine Bloodhoof,http://hearthpwn.com/cards/359-baine-bloodhoof
Baron Geddon,http://hearthpwn.com/cards/539-baron-geddon
Bloodmage Thalnos,http://hearthpwn.com/cards/525-bloodmage-thalnos
Cairne Bloodhoof,http://hearthpwn.com/cards/498-cairne-bloodhoof
Captain Greenskin,http://hearthpwn.com/cards/267-captain-greenskin
Cenarius,http://hearthpwn.com/cards/605-cenarius
Deathwing,http://hearthpwn.com/cards/474-deathwing
Edwin VanCleef,http://hearthpwn.com/cards/3-edwin-vancleef
Finkle Einhorn,http://hearthpwn.com/cards/541-finkle-einhorn
Gelbin Mekkatorque,http://hearthpwn.com/cards/251-gelbin-mekkatorque
Grommash Hellscream,http://hearthpwn.com/cards/643-grommash-hellscream
Gruul,http://hearthpwn.com/cards/18-gruul
Harrison Jones,http://hearthpwn.com/cards/602-harrison-jones
Hogger,http://hearthpwn.com/cards/490-hogger
Illidan Stormrage,http://hearthpwn.com/cards/223-illidan-stormrage
King Krush,http://hearthpwn.com/cards/194-king-krush
King Mukla,http://hearthpwn.com/cards/444-king-mukla
Leeroy Jenkins,http://hearthpwn.com/cards/674-leeroy-jenkins
Lord Jaraxxus,http://hearthpwn.com/cards/406-lord-jaraxxus
Lorewalker Cho,http://hearthpwn.com/cards/655-lorewalker-cho
Malygos,http://hearthpwn.com/cards/241-malygos
Millhouse Manastorm,http://hearthpwn.com/cards/330-millhouse-manastorm
Nat Pagle,http://hearthpwn.com/cards/19-nat-pagle
Nozdormu,http://hearthpwn.com/cards/285-nozdormu
Old Murk-Eye,http://hearthpwn.com/cards/217-old-murk-eye
Onyxia,http://hearthpwn.com/cards/432-onyxia
Prophet Velen,http://hearthpwn.com/cards/228-prophet-velen
Ragnaros the Firelord,http://hearthpwn.com/cards/503-ragnaros-the-firelord
Sylvanas Windrunner,http://hearthpwn.com/cards/33-sylvanas-windrunner
The Beast,http://hearthpwn.com/cards/179-the-beast
The Black Knight,http://hearthpwn.com/cards/396-the-black-knight
Tinkmaster Overspark,http://hearthpwn.com/cards/245-tinkmaster-overspark
Tirion Fordring,http://hearthpwn.com/cards/391-tirion-fordring
Ysera,http://hearthpwn.com/cards/495-ysera
Adrenaline Rush,http://hearthpwn.com/cards/180-adrenaline-rush
Ancient of Lore,http://hearthpwn.com/cards/34-ancient-of-lore
Ancient of War,http://hearthpwn.com/cards/242-ancient-of-war
Avenging Wrath,http://hearthpwn.com/cards/142-avenging-wrath
Bane of Doom,http://hearthpwn.com/cards/670-bane-of-doom
Bestial Wrath,http://hearthpwn.com/cards/304-bestial-wrath
Big Game Hunter,http://hearthpwn.com/cards/73-big-game-hunter
Blood Knight,http://hearthpwn.com/cards/75-blood-knight
Brawl,http://hearthpwn.com/cards/297-brawl
Cabal Shadow Priest,http://hearthpwn.com/cards/147-cabal-shadow-priest
Captain's Parrot,http://hearthpwn.com/cards/559-captains-parrot
Doomhammer,http://hearthpwn.com/cards/172-doomhammer
Doomsayer,http://hearthpwn.com/cards/467-doomsayer
Earth Elemental,http://hearthpwn.com/cards/124-earth-elemental
Faceless Manipulator,http://hearthpwn.com/cards/450-faceless-manipulator
Far Sight,http://hearthpwn.com/cards/107-far-sight
Force of Nature,http://hearthpwn.com/cards/237-force-of-nature
Gladiator's Longbow,http://hearthpwn.com/cards/278-gladiators-longbow
Gorehowl,http://hearthpwn.com/cards/96-gorehowl
Hungry Crab,http://hearthpwn.com/cards/660-hungry-crab
Ice Block,http://hearthpwn.com/cards/28-ice-block
Kidnapper,http://hearthpwn.com/cards/562-kidnapper
Lay on Hands,http://hearthpwn.com/cards/506-lay-on-hands
Mindgames,http://hearthpwn.com/cards/301-mindgames
Molten Giant,http://hearthpwn.com/cards/94-molten-giant
Mountain Giant,http://hearthpwn.com/cards/264-mountain-giant
Murloc Warleader,http://hearthpwn.com/cards/222-murloc-warleader
Patient Assassin,http://hearthpwn.com/cards/14-patient-assassin
Pit Lord,http://hearthpwn.com/cards/402-pit-lord
Placeholder Card,http://hearthpwn.com/cards/102-placeholder-card
Preparation,http://hearthpwn.com/cards/364-preparation
Pyroblast,http://hearthpwn.com/cards/496-pyroblast
Sea Giant,http://hearthpwn.com/cards/614-sea-giant
Shadow of Nothing,http://hearthpwn.com/cards/582-shadow-of-nothing
Shadowform,http://hearthpwn.com/cards/421-shadowform
Shield Slam,http://hearthpwn.com/cards/50-shield-slam
Snake Trap,http://hearthpwn.com/cards/210-snake-trap
Southsea Captain,http://hearthpwn.com/cards/324-southsea-captain
Spellbender,http://hearthpwn.com/cards/645-spellbender
Sword of Justice,http://hearthpwn.com/cards/567-sword-of-justice
Twisting Nether,http://hearthpwn.com/cards/398-twisting-nether
Abomination,http://hearthpwn.com/cards/597-abomination
Alarm-o-Bot,http://hearthpwn.com/cards/425-alarm-o-bot
Aldor Peacekeeper,http://hearthpwn.com/cards/23-aldor-peacekeeper
Ancestral Spirit,http://hearthpwn.com/cards/526-ancestral-spirit
Ancient Mage,http://hearthpwn.com/cards/176-ancient-mage
Ancient Watcher,http://hearthpwn.com/cards/153-ancient-watcher
Angry Chicken,http://hearthpwn.com/cards/57-angry-chicken
Arcane Golem,http://hearthpwn.com/cards/97-arcane-golem
Argent Commander,http://hearthpwn.com/cards/463-argent-commander
Armorsmith,http://hearthpwn.com/cards/644-armorsmith
Auchenai Soulpriest,http://hearthpwn.com/cards/656-auchenai-soulpriest
Azure Drake,http://hearthpwn.com/cards/280-azure-drake
Blade Flurry,http://hearthpwn.com/cards/244-blade-flurry
Blessed Champion,http://hearthpwn.com/cards/7-blessed-champion
Bloodsail Corsair,http://hearthpwn.com/cards/453-bloodsail-corsair
Coldlight Oracle,http://hearthpwn.com/cards/88-coldlight-oracle
Coldlight Seer,http://hearthpwn.com/cards/424-coldlight-seer
Commanding Shout,http://hearthpwn.com/cards/166-commanding-shout
Counterspell,http://hearthpwn.com/cards/531-counterspell
Crazed Alchemist,http://hearthpwn.com/cards/612-crazed-alchemist
Defender of Argus,http://hearthpwn.com/cards/542-defender-of-argus
Demolisher,http://hearthpwn.com/cards/212-demolisher
Divine Favor,http://hearthpwn.com/cards/581-divine-favor
Doomguard,http://hearthpwn.com/cards/507-doomguard
Eaglehorn Bow,http://hearthpwn.com/cards/363-eaglehorn-bow
Emperor Cobra,http://hearthpwn.com/cards/625-emperor-cobra
Equality,http://hearthpwn.com/cards/383-equality
Ethereal Arcanist,http://hearthpwn.com/cards/125-ethereal-arcanist
Explosive Shot,http://hearthpwn.com/cards/114-explosive-shot
Felguard,http://hearthpwn.com/cards/236-felguard
Feral Spirit,http://hearthpwn.com/cards/214-feral-spirit
Frothing Berserker,http://hearthpwn.com/cards/69-frothing-berserker
Gadgetzan Auctioneer,http://hearthpwn.com/cards/131-gadgetzan-auctioneer
Headcrack,http://hearthpwn.com/cards/135-headcrack
Holy Fire,http://hearthpwn.com/cards/457-holy-fire
Holy Wrath,http://hearthpwn.com/cards/355-holy-wrath
Imp Master,http://hearthpwn.com/cards/178-imp-master
Injured Blademaster,http://hearthpwn.com/cards/209-injured-blademaster
Keeper of the Grove,http://hearthpwn.com/cards/459-keeper-of-the-grove
Kirin Tor Mage,http://hearthpwn.com/cards/411-kirin-tor-mage
Knife Juggler,http://hearthpwn.com/cards/422-knife-juggler
Lava Burst,http://hearthpwn.com/cards/679-lava-burst
Lightning Storm,http://hearthpwn.com/cards/676-lightning-storm
Lightwarden,http://hearthpwn.com/cards/436-lightwarden
Lightwell,http://hearthpwn.com/cards/117-lightwell
Mana Addict,http://hearthpwn.com/cards/67-mana-addict
Mana Tide Totem,http://hearthpwn.com/cards/613-mana-tide-totem
Mana Wraith,http://hearthpwn.com/cards/197-mana-wraith
Mass Dispel,http://hearthpwn.com/cards/249-mass-dispel
Master of Disguise,http://hearthpwn.com/cards/127-master-of-disguise
Master Swordsmith,http://hearthpwn.com/cards/584-master-swordsmith
Mind Control Tech,http://hearthpwn.com/cards/368-mind-control-tech
Mortal Strike,http://hearthpwn.com/cards/345-mortal-strike
Murloc Tidecaller,http://hearthpwn.com/cards/420-murloc-tidecaller
Nourish,http://hearthpwn.com/cards/485-nourish
Perdition's Blade,http://hearthpwn.com/cards/82-perditions-blade
Pint-Sized Summoner,http://hearthpwn.com/cards/54-pint-sized-summoner
Questing Adventurer,http://hearthpwn.com/cards/157-questing-adventurer
Ravenholdt Assassin,http://hearthpwn.com/cards/518-ravenholdt-assassin
Savagery,http://hearthpwn.com/cards/148-savagery
Savannah Highmane,http://hearthpwn.com/cards/8-savannah-highmane
Secretkeeper,http://hearthpwn.com/cards/483-secretkeeper
Shadow Madness,http://hearthpwn.com/cards/442-shadow-madness
Shadowflame,http://hearthpwn.com/cards/673-shadowflame
SI:7 Agent,http://hearthpwn.com/cards/286-si-7-agent
Siphon Soul,http://hearthpwn.com/cards/573-siphon-soul
Spirit Wolf,http://hearthpwn.com/cards/451-spirit-wolf
Stampeding Kodo,http://hearthpwn.com/cards/389-stampeding-kodo
Starfall,http://hearthpwn.com/cards/195-starfall
Sunfury Protector,http://hearthpwn.com/cards/372-sunfury-protector
Sunwalker,http://hearthpwn.com/cards/221-sunwalker
Twilight Drake,http://hearthpwn.com/cards/360-twilight-drake
Upgrade!,http://hearthpwn.com/cards/638-upgrade
Vaporize,http://hearthpwn.com/cards/160-vaporize
Violet Teacher,http://hearthpwn.com/cards/523-violet-teacher
Void Terror,http://hearthpwn.com/cards/119-void-terror
Wild Pyromancer,http://hearthpwn.com/cards/25-wild-pyromancer
Young Priestess,http://hearthpwn.com/cards/123-young-priestess
Ancestral Healing,http://hearthpwn.com/cards/216-ancestral-healing
Anduin Wrynn,http://hearthpwn.com/cards/110-anduin-wrynn
Arcane Explosion,http://hearthpwn.com/cards/56-arcane-explosion
Arcane Intellect,http://hearthpwn.com/cards/489-arcane-intellect
Arcane Missiles,http://hearthpwn.com/cards/589-arcane-missiles
Arcane Shot,http://hearthpwn.com/cards/167-arcane-shot
Armor Up!,http://hearthpwn.com/cards/253-armor-up
Assassinate,http://hearthpwn.com/cards/568-assassinate
Avatar of the Coin,http://hearthpwn.com/cards/666-avatar-of-the-coin
Backstab,http://hearthpwn.com/cards/471-backstab
Blessing of Might,http://hearthpwn.com/cards/394-blessing-of-might
Bloodfen Raptor,http://hearthpwn.com/cards/576-bloodfen-raptor
Boulderfist Ogre,http://hearthpwn.com/cards/60-boulderfist-ogre
Dagger Mastery,http://hearthpwn.com/cards/201-dagger-mastery
Deadly Poison,http://hearthpwn.com/cards/87-deadly-poison
Drain Life,http://hearthpwn.com/cards/332-drain-life
Fiery War Axe,http://hearthpwn.com/cards/632-fiery-war-axe
Fireball,http://hearthpwn.com/cards/522-fireball
Fireblast,http://hearthpwn.com/cards/677-fireblast
Frost Shock,http://hearthpwn.com/cards/233-frost-shock
Garrosh Hellscream,http://hearthpwn.com/cards/635-garrosh-hellscream
Gul'dan,http://hearthpwn.com/cards/618-guldan
Hammer of Wrath,http://hearthpwn.com/cards/350-hammer-of-wrath
Hand of Protection,http://hearthpwn.com/cards/499-hand-of-protection
Healing Totem,http://hearthpwn.com/cards/275-healing-totem
Healing Touch,http://hearthpwn.com/cards/258-healing-touch
Hellfire,http://hearthpwn.com/cards/122-hellfire
Heroic Strike,http://hearthpwn.com/cards/1-heroic-strike
Hex,http://hearthpwn.com/cards/270-hex
Holy Light,http://hearthpwn.com/cards/108-holy-light
Holy Smite,http://hearthpwn.com/cards/409-holy-smite
Houndmaster,http://hearthpwn.com/cards/225-houndmaster
Innervate,http://hearthpwn.com/cards/548-innervate
Jaina Proudmoore,http://hearthpwn.com/cards/139-jaina-proudmoore
Lesser Heal,http://hearthpwn.com/cards/126-lesser-heal
Life Tap,http://hearthpwn.com/cards/20-life-tap
Light's Justice,http://hearthpwn.com/cards/250-lights-justice
Magma Rager,http://hearthpwn.com/cards/362-magma-rager
Malfurion Stormrage,http://hearthpwn.com/cards/621-malfurion-stormrage
Mark of the Wild,http://hearthpwn.com/cards/480-mark-of-the-wild
Mind Blast,http://hearthpwn.com/cards/415-mind-blast
Multi-Shot,http://hearthpwn.com/cards/407-multi-shot
Murloc Raider,http://hearthpwn.com/cards/55-murloc-raider
Nightblade,http://hearthpwn.com/cards/184-nightblade
Northshire Cleric,http://hearthpwn.com/cards/600-northshire-cleric
Novice Engineer,http://hearthpwn.com/cards/435-novice-engineer
Oasis Snapjaw,http://hearthpwn.com/cards/15-oasis-snapjaw
Polymorph,http://hearthpwn.com/cards/595-polymorph
Power Word: Shield,http://hearthpwn.com/cards/431-power-word-shield
Raid Leader,http://hearthpwn.com/cards/502-raid-leader
Reckless Rocketeer,http://hearthpwn.com/cards/560-reckless-rocketeer
Reinforce,http://hearthpwn.com/cards/248-reinforce
Rexxar,http://hearthpwn.com/cards/484-rexxar
River Crocolisk,http://hearthpwn.com/cards/535-river-crocolisk
Rockbiter Weapon,http://hearthpwn.com/cards/491-rockbiter-weapon
Searing Totem,http://hearthpwn.com/cards/98-searing-totem
Sen'jin Shieldmasta,http://hearthpwn.com/cards/326-senjin-shieldmasta
Shadow Bolt,http://hearthpwn.com/cards/647-shadow-bolt
Shadow Word: Pain,http://hearthpwn.com/cards/315-shadow-word-pain
Shapeshift,http://hearthpwn.com/cards/185-shapeshift
Silver Hand Recruit,http://hearthpwn.com/cards/268-silver-hand-recruit
Sinister Strike,http://hearthpwn.com/cards/205-sinister-strike
Steady Shot,http://hearthpwn.com/cards/481-steady-shot
Stoneclaw Totem,http://hearthpwn.com/cards/298-stoneclaw-totem
Stonetusk Boar,http://hearthpwn.com/cards/76-stonetusk-boar
Succubus,http://hearthpwn.com/cards/208-succubus
Thrall,http://hearthpwn.com/cards/319-thrall
Timber Wolf,http://hearthpwn.com/cards/86-timber-wolf
Totemic Call,http://hearthpwn.com/cards/316-totemic-call
Tracking,http://hearthpwn.com/cards/163-tracking
Uther Lightbringer,http://hearthpwn.com/cards/257-uther-lightbringer
Valeera Sanguinar,http://hearthpwn.com/cards/2-valeera-sanguinar
Voidwalker,http://hearthpwn.com/cards/340-voidwalker
Voodoo Doctor,http://hearthpwn.com/cards/410-voodoo-doctor
Warsong Commander,http://hearthpwn.com/cards/193-warsong-commander
Wicked Knife,http://hearthpwn.com/cards/183-wicked-knife
Wild Growth,http://hearthpwn.com/cards/282-wild-growth
Wolfrider,http://hearthpwn.com/cards/174-wolfrider
Wrath of Air Totem,http://hearthpwn.com/cards/365-wrath-of-air-totem
Abusive Sergeant,http://hearthpwn.com/cards/577-abusive-sergeant
Acidic Swamp Ooze,http://hearthpwn.com/cards/74-acidic-swamp-ooze
Acolyte of Pain,http://hearthpwn.com/cards/428-acolyte-of-pain
Amani Berserker,http://hearthpwn.com/cards/641-amani-berserker
Ancient Brewmaster,http://hearthpwn.com/cards/572-ancient-brewmaster
Animal Companion,http://hearthpwn.com/cards/578-animal-companion
Arathi Weaponsmith,http://hearthpwn.com/cards/504-arathi-weaponsmith
Arcanite Reaper,http://hearthpwn.com/cards/182-arcanite-reaper
Archmage,http://hearthpwn.com/cards/545-archmage
Argent Protector,http://hearthpwn.com/cards/191-argent-protector
Argent Squire,http://hearthpwn.com/cards/473-argent-squire
Assassin's Blade,http://hearthpwn.com/cards/433-assassins-blade
Barrel,http://hearthpwn.com/cards/376-barrel
Barrel Toss,http://hearthpwn.com/cards/606-barrel-toss
Battle Rage,http://hearthpwn.com/cards/664-battle-rage
Bear Form,http://hearthpwn.com/cards/662-bear-form
Betrayal,http://hearthpwn.com/cards/198-betrayal
Blessing of Kings,http://hearthpwn.com/cards/29-blessing-of-kings
Blessing of Wisdom,http://hearthpwn.com/cards/100-blessing-of-wisdom
Blood Imp,http://hearthpwn.com/cards/196-blood-imp
Bloodlust,http://hearthpwn.com/cards/256-bloodlust
Bloodsail Raider,http://hearthpwn.com/cards/637-bloodsail-raider
Bluegill Warrior,http://hearthpwn.com/cards/289-bluegill-warrior
Booty Bay Bodyguard,http://hearthpwn.com/cards/27-booty-bay-bodyguard
Brewmaster,http://hearthpwn.com/cards/397-brewmaster
Cat Form,http://hearthpwn.com/cards/287-cat-form
Chillwind Yeti,http://hearthpwn.com/cards/31-chillwind-yeti
Circle of Healing,http://hearthpwn.com/cards/38-circle-of-healing
Cleave,http://hearthpwn.com/cards/81-cleave
Cold Blood,http://hearthpwn.com/cards/92-cold-blood
Conceal,http://hearthpwn.com/cards/284-conceal
Cone of Cold,http://hearthpwn.com/cards/26-cone-of-cold
Consecration,http://hearthpwn.com/cards/260-consecration
Core Hound,http://hearthpwn.com/cards/173-core-hound
Corruption,http://hearthpwn.com/cards/252-corruption
Crazed Hunter,http://hearthpwn.com/cards/377-crazed-hunter
Crazy Monkey,http://hearthpwn.com/cards/393-crazy-monkey
Cruel Taskmaster,http://hearthpwn.com/cards/328-cruel-taskmaster
Cult Master,http://hearthpwn.com/cards/140-cult-master
Dalaran Mage,http://hearthpwn.com/cards/388-dalaran-mage
Damaged Golem,http://hearthpwn.com/cards/200-damaged-golem
Dark Iron Dwarf,http://hearthpwn.com/cards/128-dark-iron-dwarf
Darkscale Healer,http://hearthpwn.com/cards/84-darkscale-healer
Deadly Shot,http://hearthpwn.com/cards/239-deadly-shot
Defias Ringleader,http://hearthpwn.com/cards/417-defias-ringleader
Demonfire,http://hearthpwn.com/cards/452-demonfire
Devilsaur,http://hearthpwn.com/cards/354-devilsaur
Dire Wolf Alpha,http://hearthpwn.com/cards/305-dire-wolf-alpha
Divine Spirit,http://hearthpwn.com/cards/554-divine-spirit
Dragonling Mechanic,http://hearthpwn.com/cards/472-dragonling-mechanic
Dread Corsair,http://hearthpwn.com/cards/261-dread-corsair
Dread Infernal,http://hearthpwn.com/cards/36-dread-infernal
Druid of the Claw,http://hearthpwn.com/cards/45-druid-of-the-claw
Dual Warglaives,http://hearthpwn.com/cards/599-dual-warglaives
Dust Devil,http://hearthpwn.com/cards/129-dust-devil
Earth Shock,http://hearthpwn.com/cards/77-earth-shock
Earthen Ring Farseer,http://hearthpwn.com/cards/557-earthen-ring-farseer
Elven Archer,http://hearthpwn.com/cards/356-elven-archer
Emboldener 3000,http://hearthpwn.com/cards/240-emboldener-3000
Eviscerate,http://hearthpwn.com/cards/382-eviscerate
Explosive Trap,http://hearthpwn.com/cards/344-explosive-trap
Eye for an Eye,http://hearthpwn.com/cards/206-eye-for-an-eye
Faerie Dragon,http://hearthpwn.com/cards/213-faerie-dragon
Fan of Knives,http://hearthpwn.com/cards/378-fan-of-knives
Fen Creeper,http://hearthpwn.com/cards/476-fen-creeper
Fire Elemental,http://hearthpwn.com/cards/636-fire-elemental
Flame Burst,http://hearthpwn.com/cards/622-flame-burst
Flame Imp,http://hearthpwn.com/cards/85-flame-imp
Flame of Azzinoth,http://hearthpwn.com/cards/685-flame-of-azzinoth
Flamestrike,http://hearthpwn.com/cards/44-flamestrike
Flametongue Totem,http://hearthpwn.com/cards/390-flametongue-totem
Flesheating Ghoul,http://hearthpwn.com/cards/610-flesheating-ghoul
Forked Lightning,http://hearthpwn.com/cards/530-forked-lightning
Freezing Trap,http://hearthpwn.com/cards/99-freezing-trap
Frost Elemental,http://hearthpwn.com/cards/598-frost-elemental
Frost Nova,http://hearthpwn.com/cards/49-frost-nova
Frostbolt,http://hearthpwn.com/cards/177-frostbolt
Frostwolf Grunt,http://hearthpwn.com/cards/663-frostwolf-grunt
Frostwolf Warlord,http://hearthpwn.com/cards/604-frostwolf-warlord
Gnomish Inventor,http://hearthpwn.com/cards/246-gnomish-inventor
Goldshire Footman,http://hearthpwn.com/cards/564-goldshire-footman
Grimscale Oracle,http://hearthpwn.com/cards/510-grimscale-oracle
Guardian of Kings,http://hearthpwn.com/cards/283-guardian-of-kings
Gurubashi Berserker,http://hearthpwn.com/cards/624-gurubashi-berserker
Harvest Golem,http://hearthpwn.com/cards/386-harvest-golem
Hemet Nesingwary,http://hearthpwn.com/cards/470-hemet-nesingwary
Hidden Gnome,http://hearthpwn.com/cards/387-hidden-gnome
Hogger SMASH!,http://hearthpwn.com/cards/443-hogger-smash
Holy Nova,http://hearthpwn.com/cards/671-holy-nova
Homing Chicken,http://hearthpwn.com/cards/423-homing-chicken
Huffer,http://hearthpwn.com/cards/369-huffer
Humility,http://hearthpwn.com/cards/189-humility
Hunter's Mark,http://hearthpwn.com/cards/22-hunters-mark
Ice Barrier,http://hearthpwn.com/cards/672-ice-barrier
Ice Lance,http://hearthpwn.com/cards/188-ice-lance
Infernal,http://hearthpwn.com/cards/121-infernal
Inner Fire,http://hearthpwn.com/cards/207-inner-fire
Inner Rage,http://hearthpwn.com/cards/366-inner-rage
Ironbark Protector,http://hearthpwn.com/cards/238-ironbark-protector
Ironbeak Owl,http://hearthpwn.com/cards/500-ironbeak-owl
Ironforge Rifleman,http://hearthpwn.com/cards/41-ironforge-rifleman
Ironfur Grizzly,http://hearthpwn.com/cards/519-ironfur-grizzly
Jungle Panther,http://hearthpwn.com/cards/392-jungle-panther
Kill Command,http://hearthpwn.com/cards/488-kill-command
Kobold Geomancer,http://hearthpwn.com/cards/479-kobold-geomancer
Kor'kron Elite,http://hearthpwn.com/cards/130-korkron-elite
Legacy of the Emperor,http://hearthpwn.com/cards/441-legacy-of-the-emperor
Leokk,http://hearthpwn.com/cards/32-leokk
Leper Gnome,http://hearthpwn.com/cards/513-leper-gnome
Lightning Bolt,http://hearthpwn.com/cards/10-lightning-bolt
Lightspawn,http://hearthpwn.com/cards/192-lightspawn
Loot Hoarder,http://hearthpwn.com/cards/395-loot-hoarder
Lord of the Arena,http://hearthpwn.com/cards/414-lord-of-the-arena
Mad Bomber,http://hearthpwn.com/cards/80-mad-bomber
Mana Wyrm,http://hearthpwn.com/cards/263-mana-wyrm
Mark of Nature,http://hearthpwn.com/cards/133-mark-of-nature
Massive Gnoll,http://hearthpwn.com/cards/137-massive-gnoll
Mechanical Dragonling,http://hearthpwn.com/cards/680-mechanical-dragonling
Metamorphosis,http://hearthpwn.com/cards/592-metamorphosis
Mind Control,http://hearthpwn.com/cards/401-mind-control
Mind Vision,http://hearthpwn.com/cards/438-mind-vision
Mirror Entity,http://hearthpwn.com/cards/569-mirror-entity
Mirror Image,http://hearthpwn.com/cards/650-mirror-image
Misha,http://hearthpwn.com/cards/593-misha
Mogu'shan Warden,http://hearthpwn.com/cards/346-mogushan-warden
Moonfire,http://hearthpwn.com/cards/111-moonfire
Mortal Coil,http://hearthpwn.com/cards/43-mortal-coil
Mukla's Big Brother,http://hearthpwn.com/cards/404-muklas-big-brother
Murloc Scout,http://hearthpwn.com/cards/486-murloc-scout
Murloc Tidehunter,http://hearthpwn.com/cards/357-murloc-tidehunter
Naga Myrmidon,http://hearthpwn.com/cards/16-naga-myrmidon
Naturalize,http://hearthpwn.com/cards/154-naturalize
Noble Sacrifice,http://hearthpwn.com/cards/158-noble-sacrifice
Ogre Magi,http://hearthpwn.com/cards/659-ogre-magi
Pandaren Scout,http://hearthpwn.com/cards/399-pandaren-scout
Panther,http://hearthpwn.com/cards/190-panther
Poultryizer,http://hearthpwn.com/cards/405-poultryizer
Power of the Wild,http://hearthpwn.com/cards/165-power-of-the-wild
Power Overwhelming,http://hearthpwn.com/cards/170-power-overwhelming
Priestess of Elune,http://hearthpwn.com/cards/138-priestess-of-elune
Raging Worgen,http://hearthpwn.com/cards/95-raging-worgen
Razorfen Hunter,http://hearthpwn.com/cards/47-razorfen-hunter
Repair Bot,http://hearthpwn.com/cards/439-repair-bot
Repentance,http://hearthpwn.com/cards/642-repentance
Riverpaw Gnoll,http://hearthpwn.com/cards/678-riverpaw-gnoll
Sacrificial Pact,http://hearthpwn.com/cards/348-sacrificial-pact
Savage Roar,http://hearthpwn.com/cards/329-savage-roar
Scarlet Crusader,http://hearthpwn.com/cards/475-scarlet-crusader
Scavenging Hyena,http://hearthpwn.com/cards/279-scavenging-hyena
Sense Demons,http://hearthpwn.com/cards/327-sense-demons
Shado-Pan Monk,http://hearthpwn.com/cards/288-shado-pan-monk
Shadow Word: Death,http://hearthpwn.com/cards/547-shadow-word-death
Shadowstep,http://hearthpwn.com/cards/550-shadowstep
Shattered Sun Cleric,http://hearthpwn.com/cards/434-shattered-sun-cleric
Shield Block,http://hearthpwn.com/cards/493-shield-block
Shieldbearer,http://hearthpwn.com/cards/24-shieldbearer
Shiv,http://hearthpwn.com/cards/164-shiv
Shotgun Blast,http://hearthpwn.com/cards/580-shotgun-blast
Silence,http://hearthpwn.com/cards/544-silence
Silver Hand Knight,http://hearthpwn.com/cards/648-silver-hand-knight
Silverback Patriarch,http://hearthpwn.com/cards/611-silverback-patriarch
Silvermoon Guardian,http://hearthpwn.com/cards/634-silvermoon-guardian
Skeleton,http://hearthpwn.com/cards/255-skeleton
Snake,http://hearthpwn.com/cards/512-snake
Snipe,http://hearthpwn.com/cards/553-snipe
Sorcerer's Apprentice,http://hearthpwn.com/cards/4-sorcerers-apprentice
Soul of the Forest,http://hearthpwn.com/cards/311-soul-of-the-forest
Soulfire,http://hearthpwn.com/cards/529-soulfire
Southsea Deckhand,http://hearthpwn.com/cards/103-southsea-deckhand
Spellbreaker,http://hearthpwn.com/cards/42-spellbreaker
Spiteful Smith,http://hearthpwn.com/cards/627-spiteful-smith
Squire,http://hearthpwn.com/cards/21-squire
Squirrel,http://hearthpwn.com/cards/469-squirrel
Starfire,http://hearthpwn.com/cards/667-starfire
Starving Buzzard,http://hearthpwn.com/cards/101-starving-buzzard
Stomp,http://hearthpwn.com/cards/105-stomp
Stormforged Axe,http://hearthpwn.com/cards/152-stormforged-axe
Stormpike Commando,http://hearthpwn.com/cards/325-stormpike-commando
Stormwind Champion,http://hearthpwn.com/cards/310-stormwind-champion
Stormwind Knight,http://hearthpwn.com/cards/603-stormwind-knight
Stranglethorn Tiger,http://hearthpwn.com/cards/338-stranglethorn-tiger
Summoning Portal,http://hearthpwn.com/cards/566-summoning-portal
Tauren Warrior,http://hearthpwn.com/cards/477-tauren-warrior
Temple Enforcer,http://hearthpwn.com/cards/232-temple-enforcer
Thoughtsteal,http://hearthpwn.com/cards/62-thoughtsteal
Thrallmar Farseer,http://hearthpwn.com/cards/265-thrallmar-farseer
Totemic Might,http://hearthpwn.com/cards/367-totemic-might
Transcendence,http://hearthpwn.com/cards/299-transcendence
Treant,http://hearthpwn.com/cards/272-treant
Truesilver Champion,http://hearthpwn.com/cards/293-truesilver-champion
Tundra Rhino,http://hearthpwn.com/cards/162-tundra-rhino
Unbound Elemental,http://hearthpwn.com/cards/51-unbound-elemental
Unleash the Hounds,http://hearthpwn.com/cards/317-unleash-the-hounds
Venture Co. Mercenary,http://hearthpwn.com/cards/509-venture-co-mercenary
War Golem,http://hearthpwn.com/cards/323-war-golem
Warglaive of Azzinoth,http://hearthpwn.com/cards/494-warglaive-of-azzinoth
Water Elemental,http://hearthpwn.com/cards/274-water-elemental
Whirlwind,http://hearthpwn.com/cards/161-whirlwind
Will of Mukla,http://hearthpwn.com/cards/586-will-of-mukla
Windfury Harpy,http://hearthpwn.com/cards/675-windfury-harpy
Windspeaker,http://hearthpwn.com/cards/151-windspeaker
Wisp,http://hearthpwn.com/cards/273-wisp
Worgen Infiltrator,http://hearthpwn.com/cards/112-worgen-infiltrator
Worthless Imp,http://hearthpwn.com/cards/230-worthless-imp
Young Dragonhawk,http://hearthpwn.com/cards/629-young-dragonhawk
Youthful Brewmaster,http://hearthpwn.com/cards/247-youthful-brewmaster
Ancient Secrets,http://hearthpwn.com/cards/243-ancient-secrets
Ancient Teachings,http://hearthpwn.com/cards/517-ancient-teachings
Battle Axe,http://hearthpwn.com/cards/403-battle-axe
Blood Fury,http://hearthpwn.com/cards/669-blood-fury
Defias Bandit,http://hearthpwn.com/cards/9-defias-bandit
Demigod's Favor,http://hearthpwn.com/cards/358-demigods-favor
Emerald Drake,http://hearthpwn.com/cards/534-emerald-drake
Excess Mana,http://hearthpwn.com/cards/520-excess-mana
Flames of Azzinoth,http://hearthpwn.com/cards/349-flames-of-azzinoth
Heavy Axe,http://hearthpwn.com/cards/583-heavy-axe
INFERNO!,http://hearthpwn.com/cards/83-inferno
Laughing Sister,http://hearthpwn.com/cards/116-laughing-sister
Leader of the Pack,http://hearthpwn.com/cards/204-leader-of-the-pack
Mind Shatter,http://hearthpwn.com/cards/229-mind-shatter
Mind Spike,http://hearthpwn.com/cards/70-mind-spike
Nightmare,http://hearthpwn.com/cards/334-nightmare
NOOOOOOOOOOOO,http://hearthpwn.com/cards/687-noooooooooooo
Shan'do's Lesson,http://hearthpwn.com/cards/159-shandos-lesson
Summon a Panther,http://hearthpwn.com/cards/219-summon-a-panther
Violet Apprentice,http://hearthpwn.com/cards/63-violet-apprentice
Whelp,http://hearthpwn.com/cards/527-whelp
Ysera Awakens,http://hearthpwn.com/cards/235-ysera-awakens
